timestamp,job,image_path,char_x,char_y,platform_id,actions
0.0009982585906982422,키네시스,키네시스_1768397373518.jpg,104,43,8,idle
0.12054204940795898,키네시스,키네시스_1768397373564.jpg,104,43,8,idle
0.22083592414855957,키네시스,키네시스_1768397373641.jpg,104,43,8,idle
0.3213949203491211,키네시스,키네시스_1768397373762.jpg,104,43,8,idle
0.4218766689300537,키네시스,키네시스_1768397373854.jpg,104,43,8,idle
0.5226428508758545,키네시스,키네시스_1768397373962.jpg,104,43,8,idle
0.6235005855560303,키네시스,키네시스_1768397374053.jpg,104,43,8,idle
0.7239139080047607,키네시스,키네시스_1768397374160.jpg,104,43,8,idle
0.8242053985595703,키네시스,키네시스_1768397374254.jpg,104,43,8,idle
0.9252140522003174,키네시스,키네시스_1768397374359.jpg,104,43,8,idle
1.0257492065429688,키네시스,키네시스_1768397374450.jpg,105,41,8,move_right jump
1.126370906829834,키네시스,키네시스_1768397374557.jpg,105,41,8,move_right
1.2268702983856201,키네시스,키네시스_1768397374650.jpg,106,38,8,move_right
1.327277660369873,키네시스,키네시스_1768397374771.jpg,107,36,8,idle
1.4277496337890625,키네시스,키네시스_1768397374864.jpg,109,36,8,move_right
1.5280554294586182,키네시스,키네시스_1768397374971.jpg,110,38,8,idle
1.6286566257476807,키네시스,키네시스_1768397375063.jpg,111,42,8,idle
1.7292649745941162,키네시스,키네시스_1768397375169.jpg,112,43,8,idle
1.8296129703521729,키네시스,키네시스_1768397375276.jpg,112,43,8,idle
1.9299345016479492,키네시스,키네시스_1768397375367.jpg,112,43,8,idle
2.0303587913513184,키네시스,키네시스_1768397375475.jpg,112,43,8,idle
2.1308090686798096,키네시스,키네시스_1768397375566.jpg,112,43,8,idle
2.2314112186431885,키네시스,키네시스_1768397375673.jpg,112,43,8,idle
2.3321144580841064,키네시스,키네시스_1768397375763.jpg,112,43,8,idle
2.432783603668213,키네시스,키네시스_1768397375869.jpg,112,43,8,idle
2.5341544151306152,키네시스,키네시스_1768397375975.jpg,112,43,8,idle
2.6349499225616455,키네시스,키네시스_1768397376068.jpg,112,43,8,idle
2.7356410026550293,키네시스,키네시스_1768397376174.jpg,112,43,8,idle
2.8359947204589844,키네시스,키네시스_1768397376265.jpg,112,43,8,idle
2.936516761779785,키네시스,키네시스_1768397376373.jpg,112,43,8,idle
3.037074565887451,키네시스,키네시스_1768397376465.jpg,112,43,8,idle
3.1376094818115234,키네시스,키네시스_1768397377289.jpg,112,43,8,idle
3.8904929161071777,키네시스,키네시스_1768397377320.jpg,112,43,8,idle
3.9913573265075684,키네시스,키네시스_1768397377429.jpg,112,43,8,idle
4.0920729637146,키네시스,키네시스_1768397377519.jpg,112,43,8,idle
4.192410230636597,키네시스,키네시스_1768397377628.jpg,112,43,8,idle
4.293023109436035,키네시스,키네시스_1768397377719.jpg,112,43,8,idle
4.393902063369751,키네시스,키네시스_1768397377826.jpg,112,43,8,idle
4.494580268859863,키네시스,키네시스_1768397377932.jpg,112,43,8,idle
4.595459699630737,키네시스,키네시스_1768397378039.jpg,112,43,8,idle
4.696055173873901,키네시스,키네시스_1768397378132.jpg,112,43,8,idle
4.79676628112793,키네시스,키네시스_1768397378239.jpg,112,43,8,move_right jump
4.897181749343872,키네시스,키네시스_1768397378330.jpg,113,40,8,move_right
4.997722625732422,키네시스,키네시스_1768397378437.jpg,115,37,8,move_right jump
5.0983521938323975,키네시스,키네시스_1768397378542.jpg,120,34,8,move_right
5.198919057846069,키네시스,키네시스_1768397378634.jpg,124,34,8,move_right
5.299810886383057,키네시스,키네시스_1768397378741.jpg,124,34,8,move_right
5.400174379348755,키네시스,키네시스_1768397378834.jpg,128,35,8,move_right
5.500538349151611,키네시스,키네시스_1768397378942.jpg,133,38,8,move_right
5.601130247116089,키네시스,키네시스_1768397379034.jpg,138,43,8,move_right
5.701482534408569,키네시스,키네시스_1768397379141.jpg,141,46,8,move_right
5.80219578742981,키네시스,키네시스_1768397379234.jpg,141,46,8,move_right jump
5.902626991271973,키네시스,키네시스_1768397379342.jpg,143,45,8,move_right jump
6.003457069396973,키네시스,키네시스_1768397379433.jpg,145,41,8,move_right
6.104311227798462,키네시스,키네시스_1768397379540.jpg,147,39,8,idle
6.204883098602295,키네시스,키네시스_1768397379631.jpg,148,39,8,idle
6.305576801300049,키네시스,키네시스_1768397379737.jpg,150,41,8,move_right
6.406162977218628,키네시스,키네시스_1768397379844.jpg,150,41,8,move_left
6.506625413894653,키네시스,키네시스_1768397379936.jpg,152,44,8,move_left
6.607224941253662,키네시스,키네시스_1768397380043.jpg,152,46,8,move_down
6.707821846008301,키네시스,키네시스_1768397380135.jpg,152,46,8,move_down jump
6.808379888534546,키네시스,키네시스_1768397380242.jpg,152,46,8,move_down
6.9089438915252686,키네시스,키네시스_1768397380333.jpg,152,46,8,jump move_down
7.010016441345215,키네시스,키네시스_1768397380440.jpg,152,46,8,move_right jump
7.110565662384033,키네시스,키네시스_1768397380547.jpg,152,48,8,move_right
7.2113189697265625,키네시스,키네시스_1768397380655.jpg,152,52,-1,move_right
7.31210732460022,키네시스,키네시스_1768397380748.jpg,152,57,-1,move_right
7.412745952606201,키네시스,키네시스_1768397380855.jpg,152,57,-1,move_left
7.513202667236328,키네시스,키네시스_1768397380960.jpg,152,57,-1,move_left
7.614059925079346,키네시스,키네시스_1768397381053.jpg,152,57,-1,move_left
7.714827060699463,키네시스,키네시스_1768397381159.jpg,152,57,-1,jump move_left
7.815152168273926,키네시스,키네시스_1768397381250.jpg,151,57,-1,jump move_left
7.91575026512146,키네시스,키네시스_1768397381358.jpg,149,52,-1,jump move_left
8.016166687011719,키네시스,키네시스_1768397381450.jpg,147,49,8,jump move_left
8.116966009140015,키네시스,키네시스_1768397381556.jpg,142,47,8,move_left
8.217797040939331,키네시스,키네시스_1768397381647.jpg,138,46,8,move_left
8.31831979751587,키네시스,키네시스_1768397381754.jpg,138,46,8,move_left
8.418979406356812,키네시스,키네시스_1768397381846.jpg,136,46,8,move_left
8.519638299942017,키네시스,키네시스_1768397381952.jpg,135,46,8,move_left
8.620368719100952,키네시스,키네시스_1768397382058.jpg,134,46,8,move_left
8.720970153808594,키네시스,키네시스_1768397382151.jpg,132,48,8,move_left
8.821720838546753,키네시스,키네시스_1768397382259.jpg,131,51,-1,jump move_left
8.9221031665802,키네시스,키네시스_1768397382350.jpg,131,51,-1,jump move_left
9.022449016571045,키네시스,키네시스_1768397382457.jpg,126,52,-1,move_left
9.122848987579346,키네시스,키네시스_1768397382548.jpg,122,54,-1,move_left
9.223316669464111,키네시스,키네시스_1768397382653.jpg,120,54,-1,move_left
9.324020862579346,키네시스,키네시스_1768397382760.jpg,119,54,-1,jump move_left
9.424708127975464,키네시스,키네시스_1768397382852.jpg,117,51,-1,jump move_left
9.525140523910522,키네시스,키네시스_1768397382960.jpg,117,51,-1,jump move_left
9.62588357925415,키네시스,키네시스_1768397383051.jpg,115,48,8,jump move_left
9.726367235183716,키네시스,키네시스_1768397383158.jpg,111,45,8,move_left
9.826936960220337,키네시스,키네시스_1768397383250.jpg,106,44,8,move_left
9.927556276321411,키네시스,키네시스_1768397383372.jpg,102,45,8,move_left
10.027945280075073,키네시스,키네시스_1768397383464.jpg,97,48,8,idle
10.12846064567566,키네시스,키네시스_1768397383570.jpg,97,48,8,move_left
10.229076147079468,키네시스,키네시스_1768397383677.jpg,93,52,-1,move_left
10.329653978347778,키네시스,키네시스_1768397383769.jpg,90,54,-1,move_left
10.430464744567871,키네시스,키네시스_1768397383876.jpg,88,54,-1,move_left
10.53099274635315,키네시스,키네시스_1768397383967.jpg,86,54,-1,jump move_left
10.63163948059082,키네시스,키네시스_1768397384075.jpg,84,50,-1,move_left
10.732022762298584,키네시스,키네시스_1768397384167.jpg,81,47,8,jump move_left
10.832730293273926,키네시스,키네시스_1768397384275.jpg,81,47,8,move_left
10.933291912078857,키네시스,키네시스_1768397384366.jpg,77,45,8,move_left
11.033703088760376,키네시스,키네시스_1768397384473.jpg,72,45,8,idle
11.13426160812378,키네시스,키네시스_1768397384565.jpg,68,46,8,idle
11.235037088394165,키네시스,키네시스_1768397384672.jpg,63,50,-1,idle
11.335830926895142,키네시스,키네시스_1768397384764.jpg,63,50,-1,idle
11.43605375289917,키네시스,키네시스_1768397384871.jpg,59,54,-1,idle
11.536620616912842,키네시스,키네시스_1768397384963.jpg,57,54,-1,idle
11.63704252243042,키네시스,키네시스_1768397385069.jpg,57,54,-1,idle
11.73742961883545,키네시스,키네시스_1768397385176.jpg,56,54,-1,idle
11.83811330795288,키네시스,키네시스_1768397385267.jpg,56,54,-1,idle
11.938703536987305,키네시스,키네시스_1768397385373.jpg,56,54,-1,move_left
12.039302110671997,키네시스,키네시스_1768397385477.jpg,56,54,-1,jump move_left
12.140195846557617,키네시스,키네시스_1768397385568.jpg,55,51,-1,move_left
12.240593194961548,키네시스,키네시스_1768397385674.jpg,53,48,8,jump move_left
12.341151237487793,키네시스,키네시스_1768397385765.jpg,49,45,8,move_left
12.441503763198853,키네시스,키네시스_1768397385872.jpg,44,44,8,move_left
12.542072534561157,키네시스,키네시스_1768397385963.jpg,40,45,8,idle
12.642871141433716,키네시스,키네시스_1768397386069.jpg,40,45,8,idle
12.743577241897583,키네시스,키네시스_1768397386175.jpg,35,47,8,idle
12.844178676605225,키네시스,키네시스_1768397386267.jpg,31,52,-1,idle
12.944698810577393,키네시스,키네시스_1768397386389.jpg,28,54,-1,idle
13.045113325119019,키네시스,키네시스_1768397386495.jpg,26,54,-1,move_down
13.145615577697754,키네시스,키네시스_1768397386586.jpg,26,54,-1,move_down
13.246148586273193,키네시스,키네시스_1768397386694.jpg,26,54,-1,move_down jump
13.346766710281372,키네시스,키네시스_1768397386786.jpg,26,54,-1,move_down jump
13.447217464447021,키네시스,키네시스_1768397386895.jpg,26,54,-1,move_right jump
13.54753589630127,키네시스,키네시스_1768397386986.jpg,26,56,-1,move_right
13.648257970809937,키네시스,키네시스_1768397387093.jpg,26,60,-1,move_right
13.748640060424805,키네시스,키네시스_1768397387184.jpg,26,65,-1,idle
13.849189043045044,키네시스,키네시스_1768397387291.jpg,26,66,-1,idle
13.949685096740723,키네시스,키네시스_1768397387384.jpg,26,66,-1,move_right
14.050159454345703,키네시스,키네시스_1768397387492.jpg,26,66,-1,move_right
14.150641202926636,키네시스,키네시스_1768397387584.jpg,26,66,-1,move_right
14.251313209533691,키네시스,키네시스_1768397387690.jpg,28,64,-1,jump move_right
14.35175347328186,키네시스,키네시스_1768397387781.jpg,29,60,-1,move_right
14.452205896377563,키네시스,키네시스_1768397387887.jpg,29,60,-1,jump move_right
14.552948951721191,키네시스,키네시스_1768397387993.jpg,33,57,-1,move_right
14.653311491012573,키네시스,키네시스_1768397388084.jpg,37,56,-1,move_right
14.753660678863525,키네시스,키네시스_1768397388189.jpg,42,56,-1,move_right
14.854595422744751,키네시스,키네시스_1768397388280.jpg,46,58,-1,move_right
14.954989910125732,키네시스,키네시스_1768397388386.jpg,51,62,-1,move_right
15.05577540397644,키네시스,키네시스_1768397388492.jpg,51,62,-1,move_right
15.156181812286377,키네시스,키네시스_1768397388583.jpg,55,66,-1,move_right
15.256983041763306,키네시스,키네시스_1768397388691.jpg,57,66,-1,jump move_right
15.357795238494873,키네시스,키네시스_1768397388783.jpg,58,63,-1,move_right
15.458379030227661,키네시스,키네시스_1768397388889.jpg,60,60,-1,jump move_right
15.559046030044556,키네시스,키네시스_1768397388981.jpg,64,57,-1,jump move_right
15.659605741500854,키네시스,키네시스_1768397389085.jpg,64,57,-1,move_right
15.760733842849731,키네시스,키네시스_1768397389192.jpg,69,56,-1,move_right
15.86113166809082,키네시스,키네시스_1768397389298.jpg,73,57,-1,move_right
15.961418390274048,키네시스,키네시스_1768397389403.jpg,78,59,-1,move_right
16.061917066574097,키네시스,키네시스_1768397389508.jpg,82,63,-1,idle
16.16257381439209,키네시스,키네시스_1768397389600.jpg,86,66,-1,move_right
16.263158798217773,키네시스,키네시스_1768397389708.jpg,87,66,-1,move_right
16.364004135131836,키네시스,키네시스_1768397389797.jpg,87,66,-1,move_right
16.46474599838257,키네시스,키네시스_1768397389905.jpg,89,66,-1,jump move_right
16.565500259399414,키네시스,키네시스_1768397389997.jpg,91,63,-1,move_right
16.666016578674316,키네시스,키네시스_1768397390102.jpg,93,59,-1,jump move_right
16.76693296432495,키네시스,키네시스_1768397390209.jpg,97,57,-1,move_right
16.867515325546265,키네시스,키네시스_1768397390300.jpg,102,56,-1,move_right
16.968165159225464,키네시스,키네시스_1768397390407.jpg,102,56,-1,move_right
17.06859278678894,키네시스,키네시스_1768397390497.jpg,106,57,-1,idle
17.16890239715576,키네시스,키네시스_1768397390604.jpg,111,60,-1,idle
17.269649267196655,키네시스,키네시스_1768397390697.jpg,115,65,-1,idle
17.37014102935791,키네시스,키네시스_1768397390804.jpg,118,66,-1,idle
17.470867156982422,키네시스,키네시스_1768397390910.jpg,119,66,-1,idle
17.57156777381897,키네시스,키네시스_1768397391002.jpg,119,66,-1,move_right
17.672284603118896,키네시스,키네시스_1768397391110.jpg,119,66,-1,move_right
17.773102521896362,키네시스,키네시스_1768397391200.jpg,121,66,-1,move_right
17.873810529708862,키네시스,키네시스_1768397391305.jpg,123,66,-1,move_right
17.974369287490845,키네시스,키네시스_1768397391396.jpg,124,66,-1,jump move_right
18.07517671585083,키네시스,키네시스_1768397391502.jpg,126,63,-1,jump move_up
18.17553400993347,키네시스,키네시스_1768397391608.jpg,126,63,-1,move_up
18.276074171066284,키네시스,키네시스_1768397391699.jpg,128,60,-1,jump move_up
18.376983642578125,키네시스,키네시스_1768397391807.jpg,130,57,-1,jump move_up
18.477627515792847,키네시스,키네시스_1768397391899.jpg,131,48,8,move_up
18.578150033950806,키네시스,키네시스_1768397392020.jpg,133,42,8,move_up
18.678807020187378,키네시스,키네시스_1768397392126.jpg,135,38,8,idle
18.7796893119812,키네시스,키네시스_1768397392217.jpg,136,35,8,idle
18.880418062210083,키네시스,키네시스_1768397392323.jpg,138,34,8,idle
18.980725049972534,키네시스,키네시스_1768397392415.jpg,138,34,8,idle
19.081098794937134,키네시스,키네시스_1768397392521.jpg,140,35,8,idle
19.181785106658936,키네시스,키네시스_1768397392613.jpg,141,38,8,idle
19.282508850097656,키네시스,키네시스_1768397392721.jpg,143,43,8,idle
19.38308548927307,키네시스,키네시스_1768397392827.jpg,144,46,8,idle
19.483471393585205,키네시스,키네시스_1768397392917.jpg,144,46,8,idle
19.584301233291626,키네시스,키네시스_1768397393023.jpg,145,46,8,idle
19.68498730659485,키네시스,키네시스_1768397393114.jpg,145,46,8,idle
19.785728931427002,키네시스,키네시스_1768397393222.jpg,145,46,8,idle
19.886255741119385,키네시스,키네시스_1768397393315.jpg,145,46,8,idle
19.986985206604004,키네시스,키네시스_1768397393421.jpg,145,46,8,idle
20.08776617050171,키네시스,키네시스_1768397393513.jpg,145,46,8,jump move_left
20.1884503364563,키네시스,키네시스_1768397393619.jpg,144,45,8,jump move_left
20.289231061935425,키네시스,키네시스_1768397393727.jpg,143,41,8,move_left
20.390007257461548,키네시스,키네시스_1768397393818.jpg,141,39,8,jump move_left
20.490355014801025,키네시스,키네시스_1768397393925.jpg,136,37,8,jump move_left
20.59097170829773,키네시스,키네시스_1768397394017.jpg,132,35,8,jump move_left
20.691402673721313,키네시스,키네시스_1768397394123.jpg,132,35,8,move_left
20.79184126853943,키네시스,키네시스_1768397394215.jpg,127,36,8,move_left
20.892720222473145,키네시스,키네시스_1768397394323.jpg,123,39,8,idle
20.993122339248657,키네시스,키네시스_1768397394414.jpg,118,43,8,idle
21.093812704086304,키네시스,키네시스_1768397394521.jpg,116,43,8,move_left
21.19425106048584,키네시스,키네시스_1768397394627.jpg,115,43,8,move_left
21.2947998046875,키네시스,키네시스_1768397394733.jpg,113,42,8,jump move_left
21.39550542831421,키네시스,키네시스_1768397394839.jpg,113,42,8,move_left
21.496439695358276,키네시스,키네시스_1768397394947.jpg,112,38,8,move_left
21.596996068954468,키네시스,키네시스_1768397395039.jpg,110,36,8,move_left
21.697514533996582,키네시스,키네시스_1768397395130.jpg,108,36,8,jump move_left
21.79791569709778,키네시스,키네시스_1768397395237.jpg,104,35,8,jump move_left
21.898629188537598,키네시스,키네시스_1768397395329.jpg,100,35,8,jump move_left
21.999310731887817,키네시스,키네시스_1768397395437.jpg,95,36,8,move_left
22.100102424621582,키네시스,키네시스_1768397395544.jpg,95,36,8,move_left
22.200849771499634,키네시스,키네시스_1768397395634.jpg,91,39,8,idle
22.301393032073975,키네시스,키네시스_1768397395743.jpg,86,44,8,idle
22.402185440063477,키네시스,키네시스_1768397395835.jpg,82,49,8,move_left
22.50253462791443,키네시스,키네시스_1768397395942.jpg,78,54,-1,move_left
22.60297703742981,키네시스,키네시스_1768397396034.jpg,73,59,-1,move_left
22.703466415405273,키네시스,키네시스_1768397396140.jpg,73,59,-1,idle
22.803990840911865,키네시스,키네시스_1768397396231.jpg,69,64,-1,idle
22.90438938140869,키네시스,키네시스_1768397396336.jpg,67,66,-1,idle
23.005082845687866,키네시스,키네시스_1768397396443.jpg,65,66,-1,move_left
23.10590434074402,키네시스,키네시스_1768397396535.jpg,64,66,-1,move_left
23.20666527748108,키네시스,키네시스_1768397396643.jpg,64,66,-1,jump move_left
23.307244777679443,키네시스,키네시스_1768397396735.jpg,62,64,-1,move_left
23.407727479934692,키네시스,키네시스_1768397396842.jpg,60,60,-1,jump move_left
23.508404970169067,키네시스,키네시스_1768397396936.jpg,56,57,-1,move_left
23.609002828598022,키네시스,키네시스_1768397397042.jpg,52,56,-1,move_left
23.709328651428223,키네시스,키네시스_1768397397134.jpg,48,56,-1,idle
23.810011625289917,키네시스,키네시스_1768397397241.jpg,48,56,-1,idle
23.9105441570282,키네시스,키네시스_1768397397331.jpg,43,58,-1,idle
24.010958433151245,키네시스,키네시스_1768397397438.jpg,39,62,-1,idle
24.11145782470703,키네시스,키네시스_1768397397561.jpg,35,66,-1,move_right
24.21200156211853,키네시스,키네시스_1768397397654.jpg,34,66,-1,move_right
24.31267762184143,키네시스,키네시스_1768397397760.jpg,34,65,-1,jump move_right
24.413106441497803,키네시스,키네시스_1768397397853.jpg,36,61,-1,move_right
24.513436555862427,키네시스,키네시스_1768397397960.jpg,36,61,-1,jump move_right
24.613887548446655,키네시스,키네시스_1768397398052.jpg,39,58,-1,move_right
24.714588403701782,키네시스,키네시스_1768397398160.jpg,43,56,-1,move_right
24.81483554840088,키네시스,키네시스_1768397398251.jpg,48,56,-1,move_right
24.915207147598267,키네시스,키네시스_1768397398359.jpg,52,58,-1,idle
25.01599931716919,키네시스,키네시스_1768397398450.jpg,57,61,-1,idle
25.116548538208008,키네시스,키네시스_1768397398555.jpg,57,61,-1,move_right
25.216837167739868,키네시스,키네시스_1768397398646.jpg,61,66,-1,move_right
25.317443370819092,키네시스,키네시스_1768397398753.jpg,63,66,-1,move_right
25.41812252998352,키네시스,키네시스_1768397398860.jpg,65,65,-1,jump move_right
25.51853060722351,키네시스,키네시스_1768397398951.jpg,66,61,-1,jump move_right
25.619234800338745,키네시스,키네시스_1768397399058.jpg,70,58,-1,jump move_right
25.719738006591797,키네시스,키네시스_1768397399151.jpg,70,58,-1,move_right
25.82066321372986,키네시스,키네시스_1768397399257.jpg,75,56,-1,move_right
25.921111345291138,키네시스,키네시스_1768397399348.jpg,79,57,-1,move_right
26.02158546447754,키네시스,키네시스_1768397399453.jpg,84,59,-1,move_right
26.12234902381897,키네시스,키네시스_1768397399560.jpg,88,63,-1,move_right
26.222777128219604,키네시스,키네시스_1768397399650.jpg,92,66,-1,move_right
26.323392629623413,키네시스,키네시스_1768397399756.jpg,92,66,-1,move_right
26.42400860786438,키네시스,키네시스_1768397399847.jpg,94,66,-1,jump move_right
26.52466893196106,키네시스,키네시스_1768397399955.jpg,95,62,-1,move_right
26.624997854232788,키네시스,키네시스_1768397400048.jpg,97,60,-1,jump move_right
26.725566864013672,키네시스,키네시스_1768397400153.jpg,102,57,-1,move_right
26.82640290260315,키네시스,키네시스_1768397400260.jpg,106,56,-1,idle
26.92717146873474,키네시스,키네시스_1768397400351.jpg,106,56,-1,idle
27.027719020843506,키네시스,키네시스_1768397400459.jpg,111,56,-1,idle
27.128573656082153,키네시스,키네시스_1768397400567.jpg,115,59,-1,idle
27.2291100025177,키네시스,키네시스_1768397400673.jpg,119,63,-1,idle
27.329442977905273,키네시스,키네시스_1768397400763.jpg,123,66,-1,idle
27.429754972457886,키네시스,키네시스_1768397400869.jpg,124,66,-1,jump
27.530636072158813,키네시스,키네시스_1768397400976.jpg,125,62,-1,idle
27.631489276885986,키네시스,키네시스_1768397401068.jpg,125,62,-1,jump
27.732322454452515,키네시스,키네시스_1768397401174.jpg,127,59,-1,jump
27.833024501800537,키네시스,키네시스_1768397401265.jpg,131,56,-1,idle
27.933692932128906,키네시스,키네시스_1768397401371.jpg,136,56,-1,idle
28.03395938873291,키네시스,키네시스_1768397401478.jpg,140,57,-1,idle
28.13501739501953,키네시스,키네시스_1768397401570.jpg,145,60,-1,idle
28.235649347305298,키네시스,키네시스_1768397401677.jpg,145,60,-1,idle
28.336242198944092,키네시스,키네시스_1768397401768.jpg,149,65,-1,idle
28.437074661254883,키네시스,키네시스_1768397401875.jpg,152,66,-1,idle
28.53765082359314,키네시스,키네시스_1768397401967.jpg,153,66,-1,idle
28.638222455978394,키네시스,키네시스_1768397402075.jpg,153,66,-1,idle
28.738670110702515,키네시스,키네시스_1768397402166.jpg,153,66,-1,idle
28.8390634059906,키네시스,키네시스_1768397402274.jpg,153,66,-1,idle
28.939598083496094,키네시스,키네시스_1768397402366.jpg,153,66,-1,idle
29.040071964263916,키네시스,키네시스_1768397402930.jpg,153,66,-1,idle
29.531336069107056,키네시스,키네시스_1768397402976.jpg,153,66,-1,idle
29.6320583820343,키네시스,키네시스_1768397403068.jpg,153,66,-1,idle
29.73256206512451,키네시스,키네시스_1768397403173.jpg,153,66,-1,idle
29.83294701576233,키네시스,키네시스_1768397403264.jpg,153,66,-1,idle
29.93360185623169,키네시스,키네시스_1768397403371.jpg,153,66,-1,idle
30.03430724143982,키네시스,키네시스_1768397403477.jpg,153,66,-1,idle
30.13504934310913,키네시스,키네시스_1768397403568.jpg,153,66,-1,idle
30.235636234283447,키네시스,키네시스_1768397403674.jpg,153,66,-1,idle
30.33596658706665,키네시스,키네시스_1768397403766.jpg,153,66,-1,idle
30.43636441230774,키네시스,키네시스_1768397403850.jpg,153,66,-1,idle
30.53693151473999,키네시스,키네시스_1768397403980.jpg,153,66,-1,idle
30.637556314468384,키네시스,키네시스_1768397404072.jpg,153,66,-1,idle
30.73807382583618,키네시스,키네시스_1768397404164.jpg,153,66,-1,idle
30.838816165924072,키네시스,키네시스_1768397404270.jpg,153,66,-1,idle
30.93978500366211,키네시스,키네시스_1768397404377.jpg,153,66,-1,idle
31.040482997894287,키네시스,키네시스_1768397404469.jpg,153,66,-1,idle
31.14103126525879,키네시스,키네시스_1768397404561.jpg,153,66,-1,idle
31.241735696792603,키네시스,키네시스_1768397404668.jpg,153,66,-1,idle
31.34295105934143,키네시스,키네시스_1768397404774.jpg,153,66,-1,idle
31.443791151046753,키네시스,키네시스_1768397404865.jpg,153,66,-1,idle
31.544527769088745,키네시스,키네시스_1768397404971.jpg,153,66,-1,idle
31.645296812057495,키네시스,키네시스_1768397405093.jpg,153,66,-1,idle
31.746174573898315,키네시스,키네시스_1768397405185.jpg,153,66,-1,idle
31.84639883041382,키네시스,키네시스_1768397405290.jpg,153,66,-1,idle
31.947298049926758,키네시스,키네시스_1768397405381.jpg,153,66,-1,idle
32.047630071640015,키네시스,키네시스_1768397405489.jpg,153,66,-1,idle
32.14827585220337,키네시스,키네시스_1768397405975.jpg,153,66,-1,idle
32.57659554481506,키네시스,키네시스_1768397406006.jpg,153,66,-1,idle
32.67706489562988,키네시스,키네시스_1768397406112.jpg,153,66,-1,idle
32.77765774726868,키네시스,키네시스_1768397406205.jpg,153,66,-1,idle
32.87828469276428,키네시스,키네시스_1768397406326.jpg,153,66,-1,idle
32.979023933410645,키네시스,키네시스_1768397406416.jpg,153,66,-1,idle
33.080270767211914,키네시스,키네시스_1768397406522.jpg,153,66,-1,idle
33.18087553977966,키네시스,키네시스_1768397406630.jpg,153,66,-1,idle
33.28121566772461,키네시스,키네시스_1768397406721.jpg,153,66,-1,idle
33.38145446777344,키네시스,키네시스_1768397406828.jpg,153,66,-1,idle
33.48214268684387,키네시스,키네시스_1768397406921.jpg,153,66,-1,idle
33.58285188674927,키네시스,키네시스_1768397407028.jpg,153,66,-1,idle
33.68349075317383,키네시스,키네시스_1768397407120.jpg,153,66,-1,idle
33.7840576171875,키네시스,키네시스_1768397407226.jpg,153,66,-1,idle
33.884655475616455,키네시스,키네시스_1768397407317.jpg,153,66,-1,idle
33.984922647476196,키네시스,키네시스_1768397407423.jpg,153,66,-1,jump move_left
34.08529090881348,키네시스,키네시스_1768397407516.jpg,152,64,-1,move_left
34.18565583229065,키네시스,키네시스_1768397407624.jpg,151,60,-1,jump move_left
34.28611445426941,키네시스,키네시스_1768397407716.jpg,147,57,-1,jump move_left
34.386961460113525,키네시스,키네시스_1768397407824.jpg,142,56,-1,move_left
34.4873104095459,키네시스,키네시스_1768397407916.jpg,142,56,-1,move_left
34.58796763420105,키네시스,키네시스_1768397408024.jpg,138,57,-1,move_left
34.68862533569336,키네시스,키네시스_1768397408117.jpg,133,60,-1,move_left
34.78929591178894,키네시스,키네시스_1768397408224.jpg,129,64,-1,move_left
34.88997507095337,키네시스,키네시스_1768397408316.jpg,126,66,-1,move_left
34.99038052558899,키네시스,키네시스_1768397408424.jpg,124,65,-1,jump move_left
35.091196060180664,키네시스,키네시스_1768397408516.jpg,124,65,-1,move_left
35.19180989265442,키네시스,키네시스_1768397408624.jpg,122,61,-1,jump move_left
35.292269706726074,키네시스,키네시스_1768397408716.jpg,120,58,-1,jump move_left
35.39288592338562,키네시스,키네시스_1768397408824.jpg,115,56,-1,move_left
35.49348998069763,키네시스,키네시스_1768397408916.jpg,111,55,-1,move_left
35.59431719779968,키네시스,키네시스_1768397409022.jpg,106,56,-1,move_left
35.69483518600464,키네시스,키네시스_1768397409114.jpg,106,56,-1,idle
35.795350790023804,키네시스,키네시스_1768397409236.jpg,102,59,-1,move_left
35.89586591720581,키네시스,키네시스_1768397409342.jpg,97,64,-1,move_left
35.99662137031555,키네시스,키네시스_1768397409434.jpg,94,66,-1,jump move_left
36.097275495529175,키네시스,키네시스_1768397409541.jpg,93,63,-1,jump move_left
36.197920083999634,키네시스,키네시스_1768397409632.jpg,91,60,-1,jump move_left
36.29834866523743,키네시스,키네시스_1768397409738.jpg,87,57,-1,jump move_left
36.398730516433716,키네시스,키네시스_1768397409830.jpg,87,57,-1,move_left
36.49944090843201,키네시스,키네시스_1768397409936.jpg,83,55,-1,move_left
36.59992480278015,키네시스,키네시스_1768397410044.jpg,78,56,-1,idle
36.70051717758179,키네시스,키네시스_1768397410135.jpg,74,58,-1,idle
36.80135917663574,키네시스,키네시스_1768397410242.jpg,69,62,-1,idle
36.90210485458374,키네시스,키네시스_1768397410334.jpg,65,66,-1,idle
37.00283336639404,키네시스,키네시스_1768397410440.jpg,63,66,-1,idle
37.10330128669739,키네시스,키네시스_1768397410530.jpg,63,66,-1,move_right
37.20380353927612,키네시스,키네시스_1768397410637.jpg,63,66,-1,move_right
37.30471587181091,키네시스,키네시스_1768397410743.jpg,63,66,-1,move_right
37.405038833618164,키네시스,키네시스_1768397410835.jpg,64,65,-1,jump move_right
37.505539655685425,키네시스,키네시스_1768397410942.jpg,66,61,-1,move_right
37.60616993904114,키네시스,키네시스_1768397411033.jpg,66,61,-1,move_right
37.70644021034241,키네시스,키네시스_1768397411140.jpg,68,59,-1,move_right
37.80689740180969,키네시스,키네시스_1768397411231.jpg,69,59,-1,idle
37.90753722190857,키네시스,키네시스_1768397411338.jpg,71,60,-1,idle
38.00826907157898,키네시스,키네시스_1768397411430.jpg,73,64,-1,idle
38.10896873474121,키네시스,키네시스_1768397411537.jpg,74,66,-1,idle
38.20946407318115,키네시스,키네시스_1768397411645.jpg,74,66,-1,idle
38.30998945236206,키네시스,키네시스_1768397411736.jpg,74,66,-1,idle
38.41094088554382,키네시스,키네시스_1768397411842.jpg,74,66,-1,idle
38.51164507865906,키네시스,키네시스_1768397411935.jpg,74,66,-1,idle
38.61222791671753,키네시스,키네시스_1768397412056.jpg,74,66,-1,idle
38.71273064613342,키네시스,키네시스_1768397412148.jpg,74,66,-1,idle
38.813411474227905,키네시스,키네시스_1768397412255.jpg,74,66,-1,idle
38.91391468048096,키네시스,키네시스_1768397412361.jpg,74,66,-1,idle
39.01477813720703,키네시스,키네시스_1768397412454.jpg,74,66,-1,idle
39.1155219078064,키네시스,키네시스_1768397412559.jpg,74,66,-1,idle
39.215944051742554,키네시스,키네시스_1768397412651.jpg,74,66,-1,idle
39.31671404838562,키네시스,키네시스_1768397412757.jpg,74,66,-1,idle
39.41742420196533,키네시스,키네시스_1768397412848.jpg,74,66,-1,idle
39.518107652664185,키네시스,키네시스_1768397412955.jpg,74,66,-1,idle
39.61865186691284,키네시스,키네시스_1768397413047.jpg,74,66,-1,idle
39.71905303001404,키네시스,키네시스_1768397413155.jpg,74,66,-1,idle
39.81953191757202,키네시스,키네시스_1768397413261.jpg,74,66,-1,idle
39.9204957485199,키네시스,키네시스_1768397413354.jpg,74,66,-1,idle
40.02109622955322,키네시스,키네시스_1768397413461.jpg,74,66,-1,idle
40.12147641181946,키네시스,키네시스_1768397413554.jpg,74,66,-1,move_right
40.2220778465271,키네시스,키네시스_1768397413660.jpg,74,66,-1,move_right
40.322858572006226,키네시스,키네시스_1768397413753.jpg,75,66,-1,move_right
40.42351317405701,키네시스,키네시스_1768397413861.jpg,77,66,-1,idle
40.52391195297241,키네시스,키네시스_1768397413951.jpg,78,66,-1,idle
40.62446045875549,키네시스,키네시스_1768397414058.jpg,78,66,-1,idle
40.7250874042511,키네시스,키네시스_1768397414148.jpg,78,66,-1,idle
40.8255774974823,키네시스,키네시스_1768397414256.jpg,78,66,-1,idle
40.92635440826416,키네시스,키네시스_1768397414346.jpg,78,66,-1,move_right
41.02688550949097,키네시스,키네시스_1768397414455.jpg,79,66,-1,move_right
41.12732815742493,키네시스,키네시스_1768397414561.jpg,80,66,-1,jump move_right
41.22841930389404,키네시스,키네시스_1768397414653.jpg,82,62,-1,jump move_right
41.32884645462036,키네시스,키네시스_1768397414777.jpg,83,59,-1,idle
41.42929244041443,키네시스,키네시스_1768397414869.jpg,83,59,-1,idle
41.52979326248169,키네시스,키네시스_1768397414976.jpg,85,59,-1,move_up
41.63046145439148,키네시스,키네시스_1768397415067.jpg,87,60,-1,jump move_up
41.730796098709106,키네시스,키네시스_1768397415174.jpg,88,56,-1,jump move_up
41.83141231536865,키네시스,키네시스_1768397415263.jpg,90,51,-1,move_up
41.93210005760193,키네시스,키네시스_1768397415370.jpg,92,48,8,idle
42.032957315444946,키네시스,키네시스_1768397415476.jpg,92,48,8,idle
42.133389949798584,키네시스,키네시스_1768397415566.jpg,93,47,8,idle
42.234097957611084,키네시스,키네시스_1768397415674.jpg,95,48,8,idle
42.33446550369263,키네시스,키네시스_1768397415766.jpg,97,51,-1,move_left
42.43493866920471,키네시스,키네시스_1768397415872.jpg,98,54,-1,move_left
42.535547494888306,키네시스,키네시스_1768397415964.jpg,98,54,-1,jump move_left
42.6362988948822,키네시스,키네시스_1768397416072.jpg,98,54,-1,jump move_left
42.73688745498657,키네시스,키네시스_1768397416164.jpg,96,50,-1,move_left
42.83766794204712,키네시스,키네시스_1768397416272.jpg,94,48,8,idle
42.93831014633179,키네시스,키네시스_1768397416379.jpg,93,47,8,idle
43.03900122642517,키네시스,키네시스_1768397416471.jpg,91,48,8,move_left
43.13968348503113,키네시스,키네시스_1768397416578.jpg,89,51,-1,move_left
43.240145683288574,키네시스,키네시스_1768397416669.jpg,89,51,-1,move_left
43.34093642234802,키네시스,키네시스_1768397416775.jpg,88,54,-1,move_left
43.44161510467529,키네시스,키네시스_1768397416867.jpg,86,54,-1,jump move_left
43.542128562927246,키네시스,키네시스_1768397416975.jpg,84,51,-1,move_left
43.642963886260986,키네시스,키네시스_1768397417066.jpg,83,48,8,jump move_left
43.743422985076904,키네시스,키네시스_1768397417174.jpg,83,48,8,jump move_left
43.844120502471924,키네시스,키네시스_1768397417264.jpg,78,45,8,move_left
43.94469451904297,키네시스,키네시스_1768397417372.jpg,74,44,8,move_left
44.045493602752686,키네시스,키네시스_1768397417495.jpg,69,45,8,idle
44.14637088775635,키네시스,키네시스_1768397417586.jpg,65,47,8,idle
44.24709224700928,키네시스,키네시스_1768397417693.jpg,60,52,-1,move_left
44.3476083278656,키네시스,키네시스_1768397417786.jpg,57,54,-1,move_left
44.448079109191895,키네시스,키네시스_1768397417894.jpg,55,54,-1,move_left
44.548542976379395,키네시스,키네시스_1768397417986.jpg,55,54,-1,move_left
44.64901518821716,키네시스,키네시스_1768397418093.jpg,54,54,-1,idle
44.74946141242981,키네시스,키네시스_1768397418184.jpg,54,54,-1,move_left
44.85017275810242,키네시스,키네시스_1768397418290.jpg,54,54,-1,move_left
44.950992822647095,키네시스,키네시스_1768397418381.jpg,54,54,-1,move_left
45.05171847343445,키네시스,키네시스_1768397418488.jpg,54,54,-1,jump move_left
45.15244174003601,키네시스,키네시스_1768397418581.jpg,52,53,-1,move_left
45.253228187561035,키네시스,키네시스_1768397418688.jpg,51,49,8,jump move_left
45.3539764881134,키네시스,키네시스_1768397418781.jpg,47,47,8,jump move_left
45.45462918281555,키네시스,키네시스_1768397418888.jpg,43,45,8,idle
45.55538773536682,키네시스,키네시스_1768397418980.jpg,38,44,8,idle
45.65606904029846,키네시스,키네시스_1768397419087.jpg,38,44,8,idle
45.75661849975586,키네시스,키네시스_1768397419194.jpg,34,46,8,move_right move_left
45.856953620910645,키네시스,키네시스_1768397419287.jpg,29,50,-1,move_right
45.957218408584595,키네시스,키네시스_1768397419394.jpg,25,54,-1,move_right
46.05795383453369,키네시스,키네시스_1768397419486.jpg,26,54,-1,jump move_right
46.15883803367615,키네시스,키네시스_1768397419592.jpg,27,50,-1,idle
46.25922656059265,키네시스,키네시스_1768397419684.jpg,27,50,-1,jump
46.360024213790894,키네시스,키네시스_1768397419790.jpg,30,47,8,idle
46.46048092842102,키네시스,키네시스_1768397419881.jpg,35,45,8,idle
46.560901165008545,키네시스,키네시스_1768397419987.jpg,39,45,8,idle
46.6616575717926,키네시스,키네시스_1768397420094.jpg,44,47,8,idle
46.762104988098145,키네시스,키네시스_1768397420201.jpg,48,50,-1,idle
46.86275029182434,키네시스,키네시스_1768397420308.jpg,53,54,-1,idle
46.96309685707092,키네시스,키네시스_1768397420400.jpg,53,54,-1,idle
47.06366443634033,키네시스,키네시스_1768397420507.jpg,54,54,-1,idle
47.16460108757019,키네시스,키네시스_1768397420599.jpg,55,54,-1,idle
47.26511788368225,키네시스,키네시스_1768397420704.jpg,55,54,-1,idle
47.36541509628296,키네시스,키네시스_1768397420810.jpg,55,54,-1,idle
47.465967893600464,키네시스,키네시스_1768397420902.jpg,55,54,-1,idle
0.0009992122650146484,전사,전사_1768414001852.jpg,143,49,-1,idle
0.10155177116394043,전사,전사_1768414001941.jpg,143,49,-1,idle
0.20270800590515137,전사,전사_1768414002047.jpg,143,49,-1,idle
0.3034813404083252,전사,전사_1768414002137.jpg,143,49,-1,idle
0.4047234058380127,전사,전사_1768414002246.jpg,143,49,-1,idle
0.5059971809387207,전사,전사_1768414002336.jpg,143,49,-1,idle
0.606985330581665,전사,전사_1768414002442.jpg,143,49,-1,idle
0.7079141139984131,전사,전사_1768414002534.jpg,143,49,-1,idle
0.8085858821868896,전사,전사_1768414002640.jpg,143,49,-1,idle
0.9094386100769043,전사,전사_1768414002745.jpg,143,49,-1,idle
1.0097324848175049,전사,전사_1768414002837.jpg,143,49,-1,idle
1.1099863052368164,전사,전사_1768414002943.jpg,143,49,-1,idle
1.2108063697814941,전사,전사_1768414003035.jpg,143,49,-1,idle
1.3118929862976074,전사,전사_1768414003142.jpg,143,49,-1,idle
1.412532091140747,전사,전사_1768414003233.jpg,143,49,-1,idle
1.513622522354126,전사,전사_1768414003339.jpg,143,49,-1,idle
1.6147716045379639,전사,전사_1768414003433.jpg,143,49,-1,idle
1.7159061431884766,전사,전사_1768414003539.jpg,143,49,-1,idle
1.8169941902160645,전사,전사_1768414003645.jpg,143,49,-1,idle
1.9181122779846191,전사,전사_1768414003752.jpg,143,49,-1,idle
2.018219470977783,전사,전사_1768414003859.jpg,143,49,-1,idle
2.119389057159424,전사,전사_1768414003950.jpg,143,49,-1,idle
2.2202672958374023,전사,전사_1768414004058.jpg,143,49,-1,idle
2.3211867809295654,전사,전사_1768414004150.jpg,143,49,-1,idle
2.4217522144317627,전사,전사_1768414004256.jpg,143,49,-1,idle
2.522928237915039,전사,전사_1768414004363.jpg,143,49,-1,idle
2.623136043548584,전사,전사_1768414004454.jpg,143,49,-1,idle
2.72421932220459,전사,전사_1768414004561.jpg,143,49,-1,idle
2.8249356746673584,전사,전사_1768414004653.jpg,143,49,-1,idle
2.925767421722412,전사,전사_1768414004759.jpg,143,49,-1,idle
3.026890993118286,전사,전사_1768414004850.jpg,143,49,-1,idle
3.127505302429199,전사,전사_1768414004957.jpg,143,49,-1,idle
3.2276546955108643,전사,전사_1768414005048.jpg,143,49,-1,idle
3.3282792568206787,전사,전사_1768414005154.jpg,143,49,-1,idle
3.428424596786499,전사,전사_1768414005262.jpg,143,49,-1,idle
3.5295050144195557,전사,전사_1768414005354.jpg,143,49,-1,idle
3.6306564807891846,전사,전사_1768414005642.jpg,143,49,-1,idle
3.8333499431610107,전사,전사_1768414005661.jpg,143,49,-1,idle
3.9340126514434814,전사,전사_1768414005752.jpg,143,49,-1,idle
4.0353169441223145,전사,전사_1768414005875.jpg,143,49,-1,idle
4.136219263076782,전사,전사_1768414005966.jpg,143,49,-1,idle
4.237278699874878,전사,전사_1768414006073.jpg,143,49,-1,idle
4.338240623474121,전사,전사_1768414006180.jpg,143,49,-1,idle
4.439011335372925,전사,전사_1768414006273.jpg,143,49,-1,idle
4.540053606033325,전사,전사_1768414007466.jpg,143,49,-1,idle
5.658183574676514,전사,전사_1768414007493.jpg,143,49,-1,idle
5.758890390396118,전사,전사_1768414007585.jpg,143,49,-1,idle
5.859729766845703,전사,전사_1768414007691.jpg,143,49,-1,idle
5.9608447551727295,전사,전사_1768414007784.jpg,143,49,-1,idle
6.062076568603516,전사,전사_1768414007891.jpg,143,49,-1,idle
6.162954568862915,전사,전사_1768414007983.jpg,143,49,-1,idle
6.264046669006348,전사,전사_1768414008090.jpg,143,49,-1,idle
6.364532470703125,전사,전사_1768414008196.jpg,143,49,-1,idle
6.465491533279419,전사,전사_1768414008287.jpg,143,49,-1,idle
6.566331148147583,전사,전사_1768414008393.jpg,143,49,-1,idle
6.667085886001587,전사,전사_1768414008499.jpg,143,49,-1,idle
6.767920017242432,전사,전사_1768414008592.jpg,143,49,-1,idle
6.869158506393433,전사,전사_1768414008712.jpg,143,49,-1,idle
6.97030782699585,전사,전사_1768414008804.jpg,143,49,-1,idle
7.071113348007202,전사,전사_1768414008911.jpg,143,49,-1,idle
7.172193288803101,전사,전사_1768414009002.jpg,143,49,-1,idle
7.273268461227417,전사,전사_1768414009109.jpg,143,49,-1,idle
7.373660564422607,전사,전사_1768414009201.jpg,143,49,-1,idle
7.474779844284058,전사,전사_1768414009309.jpg,143,49,-1,idle
7.57558274269104,전사,전사_1768414009400.jpg,143,49,-1,idle
7.676679372787476,전사,전사_1768414009507.jpg,143,49,-1,idle
7.776916265487671,전사,전사_1768414009613.jpg,143,49,-1,idle
7.877992153167725,전사,전사_1768414009704.jpg,143,49,-1,idle
7.978563070297241,전사,전사_1768414009811.jpg,143,49,-1,idle
8.079678773880005,전사,전사_1768414009902.jpg,143,49,-1,idle
8.18015742301941,전사,전사_1768414010024.jpg,143,49,-1,idle
8.281103372573853,전사,전사_1768414010101.jpg,143,49,-1,idle
8.382208824157715,전사,전사_1768414010208.jpg,143,49,-1,idle
8.483379602432251,전사,전사_1768414010301.jpg,143,49,-1,idle
8.584724187850952,전사,전사_1768414010424.jpg,143,49,-1,idle
8.68521523475647,전사,전사_1768414010530.jpg,143,49,-1,idle
8.786448001861572,전사,전사_1768414010619.jpg,143,49,-1,idle
8.88701057434082,전사,전사_1768414010725.jpg,143,49,-1,idle
8.988043069839478,전사,전사_1768414010815.jpg,143,49,-1,idle
9.088613986968994,전사,전사_1768414010921.jpg,143,49,-1,idle
9.189536809921265,전사,전사_1768414011028.jpg,143,49,-1,idle
9.290587186813354,전사,전사_1768414011119.jpg,143,49,-1,move_left
9.391513109207153,전사,전사_1768414011224.jpg,143,49,-1,move_left jump
9.492467403411865,전사,전사_1768414011316.jpg,142,46,-1,move_left
9.593364715576172,전사,전사_1768414011421.jpg,140,43,-1,move_left jump
9.694760084152222,전사,전사_1768414011528.jpg,136,40,-1,idle
9.795915365219116,전사,전사_1768414011621.jpg,131,39,-1,idle
9.896930694580078,전사,전사_1768414011729.jpg,127,40,-1,move_left
9.997790336608887,전사,전사_1768414011821.jpg,122,43,-1,move_right
10.098575353622437,전사,전사_1768414011929.jpg,122,43,-1,move_right
10.199476957321167,전사,전사_1768414012018.jpg,118,46,-1,move_right
10.300580739974976,전사,전사_1768414012125.jpg,119,46,-1,move_right
10.401736736297607,전사,전사_1768414012231.jpg,120,47,-1,move_right
10.502630233764648,전사,전사_1768414012340.jpg,121,50,-1,move_right
10.603549242019653,전사,전사_1768414012431.jpg,123,54,-1,move_right
10.70483922958374,전사,전사_1768414012538.jpg,123,54,-1,jump move_down
10.805729627609253,전사,전사_1768414012645.jpg,124,57,-1,move_down
10.906768083572388,전사,전사_1768414012736.jpg,124,57,-1,move_down
11.007382869720459,전사,전사_1768414012842.jpg,124,58,-1,jump move_down
11.107627868652344,전사,전사_1768414012933.jpg,124,61,-1,move_down
11.208494424819946,전사,전사_1768414013039.jpg,124,66,-1,move_right
11.309362173080444,전사,전사_1768414013146.jpg,124,66,-1,move_right
11.41028904914856,전사,전사_1768414013238.jpg,124,69,-1,idle
11.511319875717163,전사,전사_1768414013344.jpg,124,69,-1,idle
11.612346887588501,전사,전사_1768414013435.jpg,124,69,-1,idle
11.713382959365845,전사,전사_1768414013541.jpg,124,69,-1,idle
11.814895629882812,전사,전사_1768414013632.jpg,124,69,-1,idle
11.915955305099487,전사,전사_1768414013741.jpg,124,69,-1,idle
12.016968488693237,전사,전사_1768414013846.jpg,124,69,-1,idle
12.117552280426025,전사,전사_1768414013938.jpg,124,69,-1,idle
12.218640089035034,전사,전사_1768414014060.jpg,124,69,-1,idle
12.319326877593994,전사,전사_1768414014152.jpg,124,69,-1,idle
12.420467615127563,전사,전사_1768414014258.jpg,124,69,-1,idle
12.52140760421753,전사,전사_1768414014350.jpg,124,69,-1,idle
12.622320652008057,전사,전사_1768414014455.jpg,124,69,-1,idle
12.72344422340393,전사,전사_1768414014562.jpg,124,69,-1,idle
12.824925899505615,전사,전사_1768414014655.jpg,124,69,-1,idle
12.925872087478638,전사,전사_1768414014762.jpg,124,69,-1,idle
13.026750802993774,전사,전사_1768414014853.jpg,124,69,-1,idle
13.127665042877197,전사,전사_1768414014960.jpg,124,69,-1,idle
13.22873592376709,전사,전사_1768414015052.jpg,124,68,-1,idle
13.329004764556885,전사,전사_1768414015159.jpg,124,68,-1,idle
13.429931402206421,전사,전사_1768414015265.jpg,124,67,-1,idle
13.530816555023193,전사,전사_1768414015357.jpg,124,67,-1,idle
13.63174819946289,전사,전사_1768414015450.jpg,124,66,-1,idle
13.733193159103394,전사,전사_1768414015556.jpg,124,66,-1,idle
13.834657669067383,전사,전사_1768414015649.jpg,124,65,-1,idle
13.935706853866577,전사,전사_1768414015771.jpg,124,64,-1,idle
14.036638736724854,전사,전사_1768414015877.jpg,124,64,-1,idle
14.137430429458618,전사,전사_1768414015968.jpg,124,63,-1,idle
14.238677263259888,전사,전사_1768414016075.jpg,124,63,-1,idle
14.339672803878784,전사,전사_1768414016168.jpg,124,62,-1,idle
14.440525531768799,전사,전사_1768414016275.jpg,124,61,-1,idle
14.541385650634766,전사,전사_1768414016365.jpg,124,61,-1,idle
14.642265319824219,전사,전사_1768414016472.jpg,124,60,-1,idle
14.743706703186035,전사,전사_1768414016579.jpg,124,60,-1,idle
14.844907760620117,전사,전사_1768414016671.jpg,124,59,-1,idle
14.945730447769165,전사,전사_1768414016778.jpg,124,59,-1,idle
15.046468496322632,전사,전사_1768414016869.jpg,124,58,-1,idle
15.147162199020386,전사,전사_1768414016976.jpg,124,58,-1,idle
15.24812936782837,전사,전사_1768414017069.jpg,124,57,-1,idle
15.349130630493164,전사,전사_1768414017174.jpg,124,57,-1,idle
15.450303792953491,전사,전사_1768414017265.jpg,124,56,-1,idle
15.5516197681427,전사,전사_1768414017371.jpg,124,56,-1,idle
15.652761220932007,전사,전사_1768414017493.jpg,124,55,-1,idle
15.753549098968506,전사,전사_1768414017585.jpg,124,55,-1,idle
15.854565143585205,전사,전사_1768414017691.jpg,124,54,-1,idle
15.955727338790894,전사,전사_1768414017798.jpg,124,53,-1,idle
16.056584119796753,전사,전사_1768414017889.jpg,124,53,-1,idle
16.15730094909668,전사,전사_1768414017994.jpg,124,53,-1,idle
16.258514881134033,전사,전사_1768414018086.jpg,124,52,-1,idle
16.359447479248047,전사,전사_1768414018192.jpg,124,51,-1,idle
16.460702180862427,전사,전사_1768414018283.jpg,124,51,-1,idle
16.561566829681396,전사,전사_1768414018390.jpg,124,50,-1,idle
16.66283392906189,전사,전사_1768414018495.jpg,124,50,-1,idle
16.763797521591187,전사,전사_1768414018587.jpg,124,49,-1,idle
16.865056037902832,전사,전사_1768414018694.jpg,124,49,-1,idle
16.96629762649536,전사,전사_1768414018786.jpg,124,48,-1,idle
17.06725001335144,전사,전사_1768414018893.jpg,124,48,-1,idle
17.1682186126709,전사,전사_1768414018986.jpg,124,47,-1,idle
17.269333839416504,전사,전사_1768414019109.jpg,124,47,-1,idle
17.370137929916382,전사,전사_1768414019201.jpg,124,46,-1,idle
17.47110652923584,전사,전사_1768414019307.jpg,124,46,-1,idle
17.572113513946533,전사,전사_1768414019399.jpg,124,45,-1,idle
17.67339253425598,전사,전사_1768414019505.jpg,124,45,-1,idle
17.773730993270874,전사,전사_1768414019612.jpg,124,44,-1,idle
17.874208211898804,전사,전사_1768414019703.jpg,124,44,-1,idle
17.974797248840332,전사,전사_1768414019809.jpg,124,43,-1,idle
18.075782775878906,전사,전사_1768414019901.jpg,124,43,-1,idle
18.176090240478516,전사,전사_1768414020007.jpg,124,42,-1,idle
18.276716470718384,전사,전사_1768414020113.jpg,124,42,-1,idle
18.377716541290283,전사,전사_1768414020205.jpg,124,41,-1,idle
18.47901439666748,전사,전사_1768414020311.jpg,124,41,-1,idle
18.580174684524536,전사,전사_1768414020403.jpg,124,40,-1,idle
18.681207180023193,전사,전사_1768414020510.jpg,124,40,-1,idle
18.78229594230652,전사,전사_1768414020603.jpg,124,39,-1,idle
18.883293628692627,전사,전사_1768414020710.jpg,124,39,-1,idle
18.984257459640503,전사,전사_1768414020803.jpg,124,38,-1,idle
19.085129737854004,전사,전사_1768414020911.jpg,124,38,-1,idle
19.18581771850586,전사,전사_1768414021018.jpg,124,37,-1,idle
19.28642511367798,전사,전사_1768414021125.jpg,124,37,-1,idle
19.387324810028076,전사,전사_1768414021215.jpg,124,36,-1,idle
19.488414764404297,전사,전사_1768414021323.jpg,124,36,-1,idle
19.588858366012573,전사,전사_1768414021430.jpg,124,35,-1,idle
19.689876794815063,전사,전사_1768414021520.jpg,124,35,-1,idle
19.790146589279175,전사,전사_1768414021627.jpg,124,34,-1,idle
19.891249656677246,전사,전사_1768414021718.jpg,124,34,-1,idle
19.992599487304688,전사,전사_1768414021825.jpg,124,33,-1,idle
20.09354829788208,전사,전사_1768414021916.jpg,124,33,-1,idle
20.194498777389526,전사,전사_1768414022022.jpg,124,32,-1,idle
20.29553985595703,전사,전사_1768414022128.jpg,124,32,-1,idle
20.39648413658142,전사,전사_1768414022218.jpg,124,31,-1,idle
20.497284173965454,전사,전사_1768414022324.jpg,124,31,-1,idle
20.59869647026062,전사,전사_1768414022430.jpg,124,30,-1,idle
20.699795961380005,전사,전사_1768414022521.jpg,124,30,-1,idle
20.800918102264404,전사,전사_1768414022628.jpg,124,29,-1,idle
20.902195930480957,전사,전사_1768414022735.jpg,124,28,-1,idle
21.003040075302124,전사,전사_1768414022843.jpg,124,28,-1,idle
21.103936433792114,전사,전사_1768414022933.jpg,124,27,-1,idle
21.205224752426147,전사,전사_1768414023040.jpg,124,27,-1,idle
21.30597424507141,전사,전사_1768414023133.jpg,124,26,-1,idle
21.40693235397339,전사,전사_1768414023240.jpg,124,26,-1,idle
21.507527351379395,전사,전사_1768414023347.jpg,124,25,-1,idle
21.608972311019897,전사,전사_1768414023438.jpg,124,25,-1,idle
21.709776401519775,전사,전사_1768414023545.jpg,124,24,-1,idle
21.81084108352661,전사,전사_1768414023637.jpg,124,24,-1,idle
21.9117271900177,전사,전사_1768414023744.jpg,124,23,-1,idle
22.012497663497925,전사,전사_1768414023836.jpg,124,23,-1,idle
22.11326766014099,전사,전사_1768414023943.jpg,124,22,-1,idle
22.214083433151245,전사,전사_1768414024033.jpg,124,22,-1,idle
22.315773248672485,전사,전사_1768414024140.jpg,124,21,-1,idle
22.416735887527466,전사,전사_1768414024246.jpg,124,21,-1,idle
22.51763391494751,전사,전사_1768414024338.jpg,124,20,-1,idle
22.618698835372925,전사,전사_1768414024443.jpg,124,20,-1,idle
22.719554901123047,전사,전사_1768414024549.jpg,124,19,-1,idle
22.82066774368286,전사,전사_1768414024655.jpg,124,19,-1,idle
22.921408653259277,전사,전사_1768414024763.jpg,124,18,-1,idle
23.022175073623657,전사,전사_1768414024853.jpg,124,17,-1,idle
23.122743368148804,전사,전사_1768414024962.jpg,124,17,-1,idle
23.223971605300903,전사,전사_1768414025054.jpg,124,16,-1,idle
23.324982166290283,전사,전사_1768414025161.jpg,124,16,-1,idle
23.42580223083496,전사,전사_1768414025253.jpg,124,15,-1,idle
23.526203870773315,전사,전사_1768414025360.jpg,124,15,-1,idle
23.627174377441406,전사,전사_1768414025451.jpg,124,14,-1,idle
23.728059768676758,전사,전사_1768414025558.jpg,124,14,-1,idle
23.82853627204895,전사,전사_1768414025665.jpg,124,13,-1,idle
23.929068088531494,전사,전사_1768414025755.jpg,124,13,-1,idle
24.02933382987976,전사,전사_1768414025863.jpg,124,12,-1,idle
24.13047742843628,전사,전사_1768414025954.jpg,124,12,-1,idle
24.231316566467285,전사,전사_1768414026061.jpg,124,11,-1,idle
24.332211017608643,전사,전사_1768414026152.jpg,124,11,-1,idle
24.433212757110596,전사,전사_1768414026259.jpg,124,10,-1,idle
24.534192085266113,전사,전사_1768414026351.jpg,124,9,-1,idle
24.635210514068604,전사,전사_1768414026458.jpg,124,9,-1,idle
24.73670744895935,전사,전사_1768414026566.jpg,124,8,-1,idle
24.837713479995728,전사,전사_1768414026673.jpg,124,8,-1,idle
24.938966512680054,전사,전사_1768414026780.jpg,124,7,-1,idle
25.040342569351196,전사,전사_1768414026871.jpg,124,7,-1,idle
25.141212701797485,전사,전사_1768414026978.jpg,124,6,-1,idle
25.242237329483032,전사,전사_1768414027069.jpg,124,6,-1,idle
25.342674732208252,전사,전사_1768414027176.jpg,124,5,-1,idle
25.44374132156372,전사,전사_1768414027268.jpg,124,5,-1,idle
25.545194387435913,전사,전사_1768414027375.jpg,124,5,-1,idle
25.64630436897278,전사,전사_1768414027466.jpg,124,4,-1,idle
25.747871160507202,전사,전사_1768414027573.jpg,124,4,-1,idle
25.84891629219055,전사,전사_1768414027680.jpg,124,3,-1,idle
25.95013451576233,전사,전사_1768414027770.jpg,124,3,-1,idle
26.050984144210815,전사,전사_1768414027876.jpg,124,2,-1,idle
26.152238607406616,전사,전사_1768414027969.jpg,124,2,-1,idle
26.2531259059906,전사,전사_1768414028090.jpg,124,1,-1,idle
26.354277849197388,전사,전사_1768414028198.jpg,124,1,-1,idle
26.455345392227173,전사,전사_1768414028290.jpg,124,0,-1,idle
26.55630326271057,전사,전사_1768414028397.jpg,124,0,-1,idle
26.65767502784729,전사,전사_1768414028489.jpg,124,-1,-1,idle
26.75899887084961,전사,전사_1768414028596.jpg,124,-1,-1,idle
26.85993003845215,전사,전사_1768414028686.jpg,124,-2,-1,idle
26.961233615875244,전사,전사_1768414028793.jpg,124,-2,-1,idle
27.062126398086548,전사,전사_1768414028885.jpg,124,-3,-1,idle
27.16327214241028,전사,전사_1768414028993.jpg,124,-3,-1,idle
27.264083862304688,전사,전사_1768414029087.jpg,124,-4,-1,idle
27.365233898162842,전사,전사_1768414029194.jpg,124,-4,-1,idle
27.46613359451294,전사,전사_1768414029286.jpg,124,-5,-1,idle
27.567046642303467,전사,전사_1768414029393.jpg,124,-5,-1,idle
27.66806960105896,전사,전사_1768414029485.jpg,124,-6,-1,idle
27.768346071243286,전사,전사_1768414029591.jpg,124,-6,-1,idle
27.869566202163696,전사,전사_1768414029714.jpg,124,-7,-1,idle
27.97035312652588,전사,전사_1768414029804.jpg,124,-7,-1,idle
28.071086883544922,전사,전사_1768414029910.jpg,124,-8,-1,idle
28.17207932472229,전사,전사_1768414030001.jpg,124,-8,-1,idle
28.2725932598114,전사,전사_1768414030107.jpg,124,-9,-1,idle
28.373173475265503,전사,전사_1768414030200.jpg,124,-9,-1,idle
28.47413468360901,전사,전사_1768414030305.jpg,124,-10,-1,idle
28.57542085647583,전사,전사_1768414030413.jpg,124,-10,-1,idle
28.675858736038208,전사,전사_1768414030504.jpg,124,-11,-1,idle
28.77679944038391,전사,전사_1768414030611.jpg,124,-11,-1,idle
28.87758779525757,전사,전사_1768414030702.jpg,124,-12,-1,idle
28.97854447364807,전사,전사_1768414030810.jpg,124,-12,-1,idle
29.079651355743408,전사,전사_1768414030900.jpg,124,-13,-1,idle
29.18064308166504,전사,전사_1768414031007.jpg,124,-13,-1,idle
29.281572103500366,전사,전사_1768414031114.jpg,124,-13,-1,idle
29.38215947151184,전사,전사_1768414031205.jpg,124,-14,-1,idle
29.483203887939453,전사,전사_1768414031312.jpg,124,-14,-1,idle
29.584153413772583,전사,전사_1768414031405.jpg,124,-15,-1,idle
29.685250282287598,전사,전사_1768414031512.jpg,124,-15,-1,idle
29.786365270614624,전사,전사_1768414031634.jpg,124,-16,-1,idle
29.88654613494873,전사,전사_1768414031726.jpg,124,-16,-1,idle
29.987650632858276,전사,전사_1768414031818.jpg,124,-17,-1,idle
30.088377714157104,전사,전사_1768414031925.jpg,124,-17,-1,idle
30.189484119415283,전사,전사_1768414032031.jpg,124,-18,-1,idle
30.290419101715088,전사,전사_1768414032123.jpg,124,-18,-1,idle
30.391576051712036,전사,전사_1768414032230.jpg,124,-19,-1,idle
30.4930157661438,전사,전사_1768414032321.jpg,124,-19,-1,idle
30.593670129776,전사,전사_1768414032428.jpg,124,-20,-1,idle
30.694761276245117,전사,전사_1768414032521.jpg,124,-20,-1,idle
30.79572367668152,전사,전사_1768414032628.jpg,124,-21,-1,idle
30.896950721740723,전사,전사_1768414032720.jpg,124,-21,-1,idle
30.99737048149109,전사,전사_1768414032826.jpg,124,-22,-1,idle
31.098164319992065,전사,전사_1768414032918.jpg,124,-22,-1,idle
31.19924259185791,전사,전사_1768414033024.jpg,124,-23,-1,idle
31.30019211769104,전사,전사_1768414033116.jpg,124,-23,-1,idle
31.40117311477661,전사,전사_1768414033222.jpg,124,-24,-1,idle
31.502148866653442,전사,전사_1768414033328.jpg,124,-24,-1,idle
31.602677583694458,전사,전사_1768414033434.jpg,124,-25,-1,idle
31.703017473220825,전사,전사_1768414033541.jpg,124,-25,-1,idle
31.80415678024292,전사,전사_1768414033646.jpg,124,-26,-1,idle
31.905550003051758,전사,전사_1768414033737.jpg,124,-26,-1,idle
32.006624698638916,전사,전사_1768414033844.jpg,124,-27,-1,idle
32.10782313346863,전사,전사_1768414033935.jpg,124,-27,-1,idle
32.208101749420166,전사,전사_1768414034042.jpg,124,-28,-1,idle
32.30873656272888,전사,전사_1768414034134.jpg,124,-28,-1,idle
32.40966033935547,전사,전사_1768414034242.jpg,124,-29,-1,idle
32.510727643966675,전사,전사_1768414034333.jpg,124,-29,-1,idle
32.611547231674194,전사,전사_1768414034440.jpg,124,-29,-1,idle
32.712833881378174,전사,전사_1768414034546.jpg,124,-30,-1,idle
32.813709020614624,전사,전사_1768414034638.jpg,124,-31,-1,idle
32.91474533081055,전사,전사_1768414034745.jpg,124,-31,-1,idle
33.01565361022949,전사,전사_1768414034836.jpg,124,-31,-1,idle
33.11579632759094,전사,전사_1768414034944.jpg,124,-31,-1,idle
33.216760873794556,전사,전사_1768414035035.jpg,124,-31,-1,idle
33.31788897514343,전사,전사_1768414035142.jpg,124,-31,-1,idle
33.4190731048584,전사,전사_1768414035250.jpg,124,-31,-1,idle
33.52001452445984,전사,전사_1768414035355.jpg,124,-31,-1,idle
33.62109398841858,전사,전사_1768414035462.jpg,124,-31,-1,idle
33.72231674194336,전사,전사_1768414035553.jpg,124,-31,-1,idle
33.82316470146179,전사,전사_1768414035660.jpg,124,-31,-1,idle
33.92437481880188,전사,전사_1768414035752.jpg,124,-31,-1,idle
34.025301456451416,전사,전사_1768414035859.jpg,124,-31,-1,idle
34.12626361846924,전사,전사_1768414035951.jpg,124,-31,-1,idle
34.22745966911316,전사,전사_1768414036059.jpg,124,-31,-1,idle
34.32820415496826,전사,전사_1768414036260.jpg,124,-31,-1,idle
34.455238580703735,전사,전사_1768414036304.jpg,124,-31,-1,idle
34.556248903274536,전사,전사_1768414036395.jpg,124,-31,-1,idle
34.65724277496338,전사,전사_1768414036486.jpg,124,-31,-1,idle
34.75804042816162,전사,전사_1768414036594.jpg,124,-31,-1,idle
34.858806133270264,전사,전사_1768414036685.jpg,124,-31,-1,idle
34.959683895111084,전사,전사_1768414036793.jpg,124,-31,-1,idle
35.060362577438354,전사,전사_1768414036883.jpg,124,-31,-1,idle
35.16111779212952,전사,전사_1768414036991.jpg,124,-31,-1,idle
35.2619845867157,전사,전사_1768414037097.jpg,124,-31,-1,idle
35.362672328948975,전사,전사_1768414037190.jpg,124,-31,-1,idle
35.46321630477905,전사,전사_1768414037297.jpg,124,-31,-1,idle
0.0010001659393310547,전사,전사_1768414039924.jpg,124,-31,-1,idle
0.10167074203491211,전사,전사_1768414040016.jpg,124,-31,-1,idle
0.20286321640014648,전사,전사_1768414040107.jpg,124,-31,-1,idle
0.3040885925292969,전사,전사_1768414040212.jpg,124,-31,-1,idle
0.4041306972503662,전사,전사_1768414040303.jpg,124,-31,-1,idle
0.5052933692932129,전사,전사_1768414040410.jpg,124,-31,-1,idle
0.606421947479248,전사,전사_1768414040501.jpg,124,-31,-1,idle
0.7075850963592529,전사,전사_1768414040608.jpg,124,-31,-1,idle
0.8086123466491699,전사,전사_1768414040700.jpg,124,-31,-1,idle
0.9095180034637451,전사,전사_1768414040806.jpg,124,-31,-1,idle
1.0101122856140137,전사,전사_1768414040913.jpg,124,-31,-1,idle
1.1109192371368408,전사,전사_1768414041005.jpg,124,-31,-1,idle
1.2120118141174316,전사,전사_1768414041110.jpg,124,-31,-1,idle
1.3132598400115967,전사,전사_1768414041201.jpg,124,-31,-1,idle
1.4141755104064941,전사,전사_1768414041308.jpg,124,-31,-1,idle
1.5152018070220947,전사,전사_1768414041400.jpg,124,-31,-1,idle
1.615870475769043,전사,전사_1768414041506.jpg,124,-31,-1,idle
1.7163372039794922,전사,전사_1768414041600.jpg,124,-31,-1,idle
1.817051649093628,전사,전사_1768414041705.jpg,124,-31,-1,idle
1.9178667068481445,전사,전사_1768414041827.jpg,124,-31,-1,idle
2.0192787647247314,전사,전사_1768414041919.jpg,124,-31,-1,idle
2.1205389499664307,전사,전사_1768414042024.jpg,124,-31,-1,idle
2.2216789722442627,전사,전사_1768414042116.jpg,124,-31,-1,idle
2.3223726749420166,전사,전사_1768414042223.jpg,124,-31,-1,idle
2.4226253032684326,전사,전사_1768414042330.jpg,124,-31,-1,idle
2.523285388946533,전사,전사_1768414042422.jpg,124,-31,-1,idle
2.623939037322998,전사,전사_1768414042529.jpg,124,-31,-1,idle
2.724792718887329,전사,전사_1768414042621.jpg,124,-31,-1,idle
2.825676918029785,전사,전사_1768414042728.jpg,124,-31,-1,idle
2.926546096801758,전사,전사_1768414042820.jpg,124,-31,-1,idle
3.027679920196533,전사,전사_1768414042926.jpg,124,-31,-1,idle
3.1288809776306152,전사,전사_1768414044015.jpg,124,-31,-1,idle
4.140991687774658,전사,전사_1768414044051.jpg,124,-31,-1,idle
4.2416791915893555,전사,전사_1768414044149.jpg,124,-31,-1,idle
4.3421807289123535,전사,전사_1768414044241.jpg,124,-31,-1,idle
4.443342685699463,전사,전사_1768414044348.jpg,124,-31,-1,idle
4.544435501098633,전사,전사_1768414044441.jpg,124,-31,-1,idle
4.645244836807251,전사,전사_1768414044533.jpg,124,-31,-1,idle
4.746385097503662,전사,전사_1768414044641.jpg,124,-31,-1,idle
4.848039388656616,전사,전사_1768414044747.jpg,124,-31,-1,idle
4.949164628982544,전사,전사_1768414044839.jpg,124,-31,-1,idle
5.049264669418335,전사,전사_1768414044945.jpg,124,-31,-1,idle
5.149866819381714,전사,전사_1768414045037.jpg,124,-31,-1,idle
5.250980377197266,전사,전사_1768414045293.jpg,124,-31,-1,idle
5.416472673416138,전사,전사_1768414045342.jpg,124,-31,-1,idle
5.5166943073272705,전사,전사_1768414045403.jpg,124,-31,-1,idle
5.616796493530273,전사,전사_1768414045511.jpg,124,-31,-1,idle
5.717892408370972,전사,전사_1768414045633.jpg,124,-31,-1,idle
5.818983554840088,전사,전사_1768414045724.jpg,124,-31,-1,idle
5.919720411300659,전사,전사_1768414045900.jpg,124,-31,-1,idle
6.0242109298706055,전사,전사_1768414045937.jpg,124,-31,-1,idle
6.124279260635376,전사,전사_1768414046029.jpg,124,-31,-1,idle
6.225585699081421,전사,전사_1768414046120.jpg,124,-31,-1,idle
6.326648950576782,전사,전사_1768414046227.jpg,124,-31,-1,idle
6.428047180175781,전사,전사_1768414046444.jpg,124,-31,-1,idle
6.5670647621154785,전사,전사_1768414046486.jpg,124,-31,-1,idle
6.667975664138794,전사,전사_1768414046686.jpg,124,-31,-1,idle
6.811774253845215,전사,전사_1768414046730.jpg,124,-31,-1,idle
6.9125659465789795,전사,전사_1768414046912.jpg,124,-31,-1,idle
7.037465572357178,전사,전사_1768414046960.jpg,124,-31,-1,idle
7.138144254684448,전사,전사_1768414047143.jpg,124,-31,-1,idle
7.268224477767944,전사,전사_1768414047190.jpg,124,-31,-1,idle
7.3692944049835205,전사,전사_1768414047358.jpg,124,-31,-1,idle
7.4831626415252686,전사,전사_1768414047402.jpg,124,-31,-1,idle
7.585067987442017,전사,전사_1768414047493.jpg,124,-31,-1,idle
7.685866832733154,전사,전사_1768414047586.jpg,124,-31,-1,idle
7.787232398986816,전사,전사_1768414047694.jpg,124,-31,-1,idle
7.888244390487671,전사,전사_1768414047785.jpg,124,-31,-1,idle
7.989116430282593,전사,전사_1768414047949.jpg,124,-31,-1,idle
8.089565753936768,전사,전사_1768414048000.jpg,124,-31,-1,idle
8.19005036354065,전사,전사_1768414048090.jpg,124,-31,-1,idle
8.290613174438477,전사,전사_1768414048196.jpg,124,-31,-1,idle
8.391727924346924,전사,전사_1768414048287.jpg,124,-31,-1,idle
8.492343425750732,전사,전사_1768414048394.jpg,124,-31,-1,idle
8.59316349029541,전사,전사_1768414048485.jpg,124,-31,-1,idle
8.693748235702515,전사,전사_1768414048592.jpg,124,-31,-1,idle
8.79433536529541,전사,전사_1768414048698.jpg,124,-31,-1,idle
8.895586013793945,전사,전사_1768414048790.jpg,124,-31,-1,idle
